Date,US dollar,Euro,Japanese yen,Pound sterling,Canadian dollar,Swiss franc
6/29/2012,1598.5,1259.6,127544.3,1019.2,1629.6,1513
7/2/2012,1592,1265.1,126309.3,1014.7,1622.3,1519.7
7/3/2012,1617.5,1283.1,129189.7,1031.7,1638.6,1541.2
7/4/2012,1613.5,1289.8,128749.2,1035.8,1633.7,1549.3
7/5/2012,1604,1295.5,128239.8,1033.4,1626.2,1556
7/6/2012,1587,1289.5,126214.1,1023.4,1616.9,1548.7
7/9/2012,1585,1288.7,126173.9,1021.1,1616.5,1547.6
7/10/2012,1595.3,1301.7,126774.5,1029.5,1628.5,1563.2
7/11/2012,1577,1287.4,125623.8,1013.4,1609.4,1545.9
7/12/2012,1556.3,1277.3,123332.8,1010.3,1594.8,1533.8
7/13/2012,1595.5,1303.1,126379.5,1026.3,1617.8,1564.9
7/16/2012,1589.8,1298.8,125176.9,1017.9,1614.9,1559.9
7/17/2012,1585.3,1298,125226.8,1018.1,1611.6,1558.9
7/18/2012,1575.3,1284.4,124247.8,1008.3,1592.3,1542.5
7/19/2012,1584,1291.9,124549.9,1008.3,1595.5,1551.5
7/20/2012,1576.3,1295.5,123838.1,1008.3,1592.4,1555.7
7/23/2012,1572.3,1297.6,123264.4,1013.6,1599.8,1558.3
7/24/2012,1583.3,1310.1,123841.8,1019.7,1614.4,1573.4
7/25/2012,1601,1320.6,125230.2,1034.7,1632.1,1586
7/26/2012,1618,1315.4,126592.3,1030.7,1633.8,1579.8
7/27/2012,1618.3,1308.2,127243,1029.8,1627.6,1570.9
7/30/2012,1617.8,1321.4,126491.9,1030.8,1622.2,1587.2
7/31/2012,1622,1317,126678.2,1035.2,1625.7,1582.2
8/1/2012,1599,1300.3,125105.7,1025.8,1600.5,1562.4
8/2/2012,1597,1313.4,124909.3,1029.1,1603.5,1577.7
8/3/2012,1602,1298.2,125909.2,1027,1601.4,1559.5
8/6/2012,1610,1297,125966.4,1031,1609.1,1558
8/7/2012,1611,1297.1,126721.2,1029.4,1605.8,1558.5
8/8/2012,1613.3,1305.5,126414.2,1030.2,1605.1,1568.2
8/9/2012,1615,1312,127060.1,1033,1601.7,1575.8
8/10/2012,1618.5,1314.4,126550.5,1031.5,1604,1578.3
8/13/2012,1622.5,1313.6,127074.2,1033.2,1611.4,1577.6
8/14/2012,1597.8,1296.7,125886.7,1018.6,1584.7,1557.3
8/15/2012,1601.8,1304.1,126314,1020.5,1585.2,1566.3
8/16/2012,1604.5,1297.8,127180.7,1019.2,1585.6,1558.7
8/17/2012,1614.8,1313.1,128404.9,1030,1595.8,1577
8/20/2012,1615,1308.6,128182.5,1028.4,1597.6,1571.7
8/21/2012,1639.5,1313.7,130127.1,1038.7,1615.6,1577.9
8/22/2012,1642,1317,130128.5,1039,1630.5,1581.6
8/23/2012,1665.3,1323.4,130522.3,1048.2,1651.2,1589.3
8/24/2012,1667,1331.8,131109.5,1054.1,1654.2,1599.2
8/27/2012,1667,1331.8,131134.5,1055.1,1650.1,1599.7
8/28/2012,1668,1327.3,130938,1053.7,1643.8,1593.9
8/29/2012,1660,1325.1,130708.4,1048.7,1640.8,1591.4
8/30/2012,1660.5,1328.6,130432.3,1050.1,1648,1595.7
8/31/2012,1648.5,1307.8,129077.5,1037.9,1626.8,1570.4
9/3/2012,1691.5,1344.3,132376.8,1064.2,1669.9,1614.2
9/4/2012,1697,1350.9,133027.8,1068.3,1674,1622.5
9/5/2012,1690,1341,132352.3,1062,1675.8,1614.5
9/6/2012,1701,1346.3,134327.9,1067.4,1670.1,1623.9
9/7/2012,1728,1349.9,134887.7,1078.2,1688.3,1631.2
9/10/2012,1732,1354.6,135598.3,1081.8,1689.8,1637.4
9/11/2012,1736.8,1352,135119.1,1081.2,1689.1,1632.7
9/12/2012,1737,1347.7,135260.2,1078.8,1695.1,1629.5
9/13/2012,1733.3,1342.9,134222.9,1075.4,1690,1628.1
9/14/2012,1775.5,1350.4,139066,1092.9,1719.6,1642.6
9/17/2012,1770,1347.3,139502.5,1088,1720.1,1638.8
9/18/2012,1769.5,1355.4,139100.4,1088.6,1724.1,1642.9
9/19/2012,1766.8,1353.1,138283.5,1089,1724.3,1638.3
9/20/2012,1758.5,1357.7,137593.8,1085.5,1719.2,1642.1
9/21/2012,1784.5,1373.9,139476.5,1097.9,1742.1,1664.3
9/24/2012,1762.5,1364.6,137254.7,1088.2,1726.3,1650.5
9/25/2012,1771.5,1366.6,137964.4,1089.9,1730.5,1654
9/26/2012,1744.8,1358.8,135706.7,1080.6,1719,1642.2
9/27/2012,1763,1370.8,136976.3,1088.8,1734.9,1656.3
9/28/2012,1776,1380.5,138172.8,1099.8,1747.5,1669.1
10/1/2012,1787,1384.7,139493.2,1106.5,1751.9,1674.6
10/2/2012,1775.5,1372.6,138560,1100.2,1745.7,1660.8
10/3/2012,1775.3,1376,139410.4,1104.5,1753.9,1664.8
10/4/2012,1791.8,1377.7,140562.8,1108.4,1758.9,1669.6
10/5/2012,1784,1366,140391.9,1101.7,1740.4,1656.2
10/8/2012,1773.5,1367.5,138616.7,1106.7,1731,1655.6
10/9/2012,1774,1375.6,138700.2,1108.9,1735.2,1665.3
10/10/2012,1761.3,1365.2,137941.1,1099.4,1723.8,1653.3
10/11/2012,1769,1366.8,138884.2,1102.9,1728.1,1653.7
10/12/2012,1766.8,1362.5,138433.7,1098.2,1729,1647.1
10/15/2012,1736,1342,136727.4,1081.5,1702.2,1621.5
10/16/2012,1746.5,1341.1,137798.8,1084.7,1722.1,1621.5
10/17/2012,1749,1333,137698.8,1081.9,1717.1,1614.2
10/18/2012,1743,1331.3,138115.3,1080.4,1712.1,1609.5
10/19/2012,1737,1333,137883,1084.1,1721,1611.7
10/22/2012,1726.8,1321.1,137829.2,1077,1715.3,1598.7
10/23/2012,1711,1319.8,136503.6,1073.4,1698.3,1596.5
10/24/2012,1706.5,1315.8,136221.4,1064.6,1692.3,1592
10/25/2012,1715.5,1323.7,137523,1062.8,1704.9,1601.3
10/26/2012,1716,1327,136525,1066,1711.8,1604.9
10/29/2012,1707,1322.7,136244.2,1065.3,1707.8,1598.8
10/30/2012,1710,1317.6,136081.8,1063.3,1708.9,1591.9
10/31/2012,1719,1326.6,137399.7,1067,1718.1,1600.7
11/1/2012,1716.3,1326.6,137540.3,1063.3,1711.7,1600.7
11/2/2012,1685,1311.8,135693,1050.5,1679,1583.2
11/5/2012,1683.5,1317,134974.6,1053.9,1677.5,1589.6
11/6/2012,1691,1320.9,135770.4,1058.1,1682.3,1595.8
11/7/2012,1715.3,1344.8,136997,1072.9,1708,1621.9
11/8/2012,1717,1349.1,137068.1,1075.1,1713.5,1627.1
11/9/2012,1738.3,1367.7,138104,1092.6,1741.1,1649.3
11/12/2012,1735.3,1365.2,137813.6,1093.6,1735.9,1645.3
11/13/2012,1726.3,1358.1,137133.3,1086.3,1728.4,1635.6
11/14/2012,1725.8,1355.8,138439.6,1089,1731.2,1632.6
11/15/2012,1710,1336.8,138681,1077.3,1714.7,1609.5
11/16/2012,1713.5,1348.6,139256.1,1081.4,1719.2,1624.4
11/19/2012,1730.5,1350.4,140404.1,1087.4,1723,1626.4
11/20/2012,1732.3,1353.1,141594.1,1088.5,1728.7,1630.6
11/21/2012,1724,1344.9,142031.7,1081.9,1719.9,1619.4
11/22/2012,1731,1343.4,142885.4,1085.4,1727.6,1618.5
11/23/2012,1734.5,1338.5,142870.8,1083.3,1721.8,1612.5
11/26/2012,1750.5,1350.2,143751.1,1092.4,1741.8,1625.6
11/27/2012,1746.3,1350.4,143585.4,1089.5,1736.2,1626.5
11/28/2012,1708,1323.1,139757.1,1068.6,1697,1592.1
11/29/2012,1725,1329.1,141717.4,1075.6,1710.8,1600.2
11/30/2012,1726,1327.1,142343.2,1077,1714.5,1599
12/3/2012,1720,1315.8,141530.2,1068.6,1709.1,1590.3
12/4/2012,1697.8,1297.3,138901.4,1054.1,1685.3,1572.3
12/5/2012,1694,1296.3,139390.8,1052.7,1682.1,1571.1
12/6/2012,1694.3,1304.6,139521.5,1053.6,1676.2,1577.9
12/7/2012,1701.5,1316.1,140152.5,1062.1,1682.2,1589.9
12/10/2012,1712.5,1324.8,141007.2,1065.4,1690.5,1598.6
12/11/2012,1710,1315.5,140886.9,1061.8,1687.3,1594.6
12/12/2012,1716.3,1316.1,142328.6,1064.9,1690.8,1594.5
12/13/2012,1692.8,1293.4,141530.8,1049.1,1665.8,1563.1
12/14/2012,1696.3,1294,141636.9,1052.3,1673.4,1563.5
12/17/2012,1695.8,1288.4,142036,1046.9,1669.4,1556.5
12/18/2012,1694,1282.1,142270.6,1042.7,1667.8,1547
12/19/2012,1665,1255.7,140292.9,1023.4,1643.1,1518.1
12/20/2012,1650.5,1246.9,139285.7,1015,1631.8,1505.4
12/21/2012,1651.5,1253.6,138924.2,1020.6,1642.7,1513.4
12/24/2012,1651.5,1251.6,140038.9,1024.4,1638.7,1511.1
12/25/2012,1651.5,1251.6,140038.9,1024.4,1638.7,1511.1
12/26/2012,1651.5,1249.1,141484,1024.3,1642.1,1508.6
12/27/2012,1655.5,1252,142248.8,1026.5,1644.8,1513.1
12/28/2012,1657.5,1253.7,142702.4,1026,1650.3,1513.6
12/31/2012,1657.5,1257.2,143315.7,1019.7,1650.4,1517.2
1/1/2013,1657.5,1257.2,143315.7,1019.7,1650.4,1517.2
1/2/2013,1693.8,1279.3,147644.2,1040.1,1666.4,1547.7
1/3/2013,1679.5,1282.5,145847.8,1039.4,1654.4,1550.8
1/4/2013,1648,1263.3,145089.9,1027.7,1624,1526.5
1/7/2013,1645.3,1256,144337.8,1022.9,1622.1,1518.2
1/8/2013,1656,1267.4,144287.3,1032.6,1634.7,1531.9
1/9/2013,1657.8,1271,145625,1035.5,1636.6,1536.9
1/10/2013,1675,1267.6,147735,1039.9,1652.5,1535.4
1/11/2013,1657.5,1242,147650.1,1027.9,1630.4,1512.1
1/14/2013,1666.5,1246.8,148735.1,1037.3,1642.6,1528.4
1/15/2013,1680.5,1259,148976.3,1044.4,1653,1559
1/16/2013,1676.3,1260.7,148339.7,1048,1652.2,1559.6
1/17/2013,1675,1253.9,149761.7,1048.9,1650.6,1562.4
1/18/2013,1688.5,1270.4,151880.6,1064.4,1677.9,1579.4
1/21/2013,1687.5,1267.4,151529.1,1065.8,1677.1,1572.8
1/22/2013,1690.5,1272.3,149676.9,1065.4,1679.4,1571.4
1/23/2013,1690.3,1272.7,149654.7,1067,1688,1569.7
1/24/2013,1671,1249.4,150390,1058.7,1676.4,1554.4
1/25/2013,1660,1231.9,151026.8,1050.2,1674.4,1532.4
1/28/2013,1656.5,1230.6,150136.9,1054.7,1671.7,1535.7
1/29/2013,1663.5,1234.2,150796.3,1056.3,1670.4,1533.8
1/30/2013,1677.5,1236.2,152761.5,1062.2,1682.4,1530.4
1/31/2013,1664.8,1226.4,151925.1,1050,1662.8,1515.8
2/1/2013,1669,1218.6,154566.1,1060.1,1667.2,1506.9
2/4/2013,1666,1228.8,154429.9,1058.5,1664.4,1513.6
2/5/2013,1673.5,1237,156296.5,1068.1,1670.4,1522
2/6/2013,1674.3,1236.7,156617.7,1069.6,1668.8,1524.4
2/7/2013,1668,1245.8,155474.3,1062.3,1664.4,1530.6
2/8/2013,1668.3,1246.8,154705.1,1053.4,1671.5,1530.2
2/11/2013,1652,1234.8,154346.3,1054.7,1663.1,1519
2/12/2013,1647.5,1223.6,153308.1,1052,1651.5,1508.6
2/13/2013,1645,1224.3,153741.7,1058.2,1649,1512.2
2/14/2013,1646,1233.7,153176.8,1060.2,1647.7,1517.7
2/15/2013,1612.3,1207.6,151245.2,1038.6,1621.7,1489.3
2/18/2013,1610.8,1206.5,151394.4,1040.6,1626.6,1487.2
2/19/2013,1607.8,1203.7,150356.8,1041.1,1626.8,1485.6
2/20/2013,1588.5,1188.1,148826.5,1038.1,1611.9,1467.2
2/21/2013,1577,1192.7,146487.5,1033.8,1606.7,1465.6
2/22/2013,1576.5,1197.8,146961.3,1032.7,1614,1468.6
2/25/2013,1586.3,1200.4,148790.2,1049.8,1627.6,1475.5
2/26/2013,1590.5,1216.6,145840.9,1051,1636.1,1481.6
2/27/2013,1604.3,1223.8,146957.3,1060,1647,1491.9
2/28/2013,1588.5,1215.1,146555,1046.5,1633.1,1482.4
3/1/2013,1582.3,1218.6,147853.3,1054.1,1626.5,1495.6
3/4/2013,1574.3,1210.1,146830.3,1044.6,1620.3,1482.5
3/5/2013,1579.8,1212.7,147469.6,1044.8,1625.3,1488.3
3/6/2013,1574,1210.8,147200.5,1045.5,1622.6,1489.8
3/7/2013,1579.5,1207.3,149523.4,1049.6,1627,1491.8
3/8/2013,1581.8,1218.5,152140.6,1059.6,1624.2,1507.1
3/11/2013,1579,1213.3,151773.5,1059.7,1621.2,1499.4
3/12/2013,1594,1224.2,153008,1070.8,1634.4,1509.7
3/13/2013,1589.3,1227.3,152583.9,1064.8,1632.6,1512.6
3/14/2013,1586,1221.8,152446.3,1053.6,1627.3,1506.1
3/15/2013,1595.5,1221.1,151732,1054.5,1626.1,1497.8
3/18/2013,1603.8,1237.7,152187.8,1061.5,1638.6,1515.7
3/19/2013,1610.8,1250,152779.6,1065.6,1655,1524
3/20/2013,1607.5,1241.3,153524.3,1062.3,1650.5,1517.3
3/21/2013,1613.8,1248.5,153395,1063.1,1652.6,1525.9
3/22/2013,1607.8,1237,151916.3,1055,1643.8,1511.6
3/25/2013,1599.3,1241.4,150873.2,1053.3,1634.1,1514.9
3/26/2013,1598,1242.7,150563.5,1054.5,1624.6,1515.6
3/27/2013,1603,1254.2,151275.1,1060.6,1630.2,1528.4
3/28/2013,1598.3,1244.6,150267.4,1052.6,1623.7,1513.5
3/29/2013,1598.3,1244.6,150267.4,1052.6,1623.7,1513.5
4/1/2013,1598.3,1244.1,149052.8,1049.2,1625.1,1514.9
4/2/2013,1583.5,1233.4,148009.7,1046.7,1607.6,1501.8
4/3/2013,1574.8,1225.7,146231.3,1040.4,1595.1,1488.5
4/4/2013,1546.5,1203.1,149036.2,1018.7,1569.3,1463.1
4/5/2013,1568,1204.1,152362.6,1021.4,1599.8,1463.2
4/8/2013,1575,1210,155743.9,1030.7,1605.6,1472.5
4/9/2013,1577.3,1207.9,156155.6,1031.2,1602.2,1473.1
4/10/2013,1575,1203.7,156720.4,1027.7,1597.9,1467.1
4/11/2013,1565,1192.2,155795.7,1016.6,1582.4,1454.4
4/12/2013,1535.5,1172.4,151615.3,999.2,1556.2,1426.6
4/15/2013,1395,1066.2,136654.2,911.1,1424.6,1297.1
4/16/2013,1380,1051,134874.3,902.5,1412.6,1278.8
4/17/2013,1392,1067.3,135838.3,913.7,1431.2,1296.2
4/18/2013,1393.8,1065.4,136901.1,911.4,1428.4,1295.8
4/19/2013,1405.5,1074.4,139481.8,921.2,1442,1308
4/22/2013,1424.5,1093.2,141438.6,934.5,1462.7,1333.5
4/23/2013,1408,1081.8,139898.9,921.1,1444.5,1326
4/24/2013,1428.5,1099.2,141957.2,935.7,1467.4,1353.8
4/25/2013,1451,1115.6,144360,939.8,1479.7,1374.7
4/26/2013,1471.5,1129.6,143736.1,949.9,1496.7,1385.7
4/29/2013,1467.5,1120.2,144035.1,947.2,1488,1374.8
4/30/2013,1469,1114.2,143095.3,943.8,1477.6,1364.6
5/1/2013,1454.8,1102.7,141612.6,935.4,1466.6,1349.8
5/2/2013,1469.3,1123.9,144015.9,947.2,1481.5,1372.1
5/3/2013,1469.3,1120.2,145367.6,943.7,1481.5,1372.9
5/6/2013,1469.3,1125.3,145911.2,946,1482.3,1380.1
5/7/2013,1444.3,1103.7,143089.1,933.6,1451.3,1359.3
5/8/2013,1468,1114.4,145067.7,943.1,1472.2,1373.4
5/9/2013,1465.5,1119.1,145531.5,945.7,1468.9,1378.7
5/10/2013,1426.5,1099.7,145189.2,929,1443.3,1365.6
5/13/2013,1430.8,1102.1,145571.7,932.5,1445.8,1369.7
5/14/2013,1433.8,1104.7,146292.7,939.7,1456.6,1372.6
5/15/2013,1410,1096.3,144419.2,926.1,1434.9,1364.5
5/16/2013,1381,1069.1,140806.7,902.1,1402.9,1324.9
5/17/2013,1368.8,1067.3,140947,901,1406.2,1331.6
5/20/2013,1354.8,1053.7,138814.5,890.1,1392.6,1311.5
5/21/2013,1360.8,1057.1,139538.1,898.7,1401.5,1321.3
5/22/2013,1408.5,1093.9,145786.8,936.3,1455.8,1379.8
5/23/2013,1380.5,1070,140031,916.4,1427.8,1338.5
5/24/2013,1390.3,1075.2,140672.4,918.3,1435.4,1335.8
5/27/2013,1390.3,1074.5,140519.5,920.6,1434.9,1337.9
5/28/2013,1376.5,1070.7,140884.8,915.5,1429.7,1343.5
5/29/2013,1382.5,1066.2,139515,914.6,1437.2,1328.6
5/30/2013,1413.5,1082.8,142657.5,929,1455.7,1348.1
5/31/2013,1394.5,1076,140809.6,919.8,1441.3,1338.2
6/3/2013,1402.5,1076.4,139639.9,916.8,1451,1337.6
6/4/2013,1399.5,1070.7,140152.9,915.1,1447.7,1328
6/5/2013,1404,1072.9,139361,912.2,1455.3,1324.7
6/6/2013,1400,1061,137725,901.8,1444.4,1308.8
6/7/2013,1386,1048.4,134975.6,892,1414.8,1296
6/10/2013,1383.3,1048.4,137135.4,891,1409,1299
6/11/2013,1374.3,1035.3,133109.8,881.1,1400,1274.3
6/12/2013,1382.8,1036.8,132322.3,881.5,1408,1272.7
6/13/2013,1385,1041.4,130501.6,883.2,1408.1,1279.4
6/14/2013,1391.3,1042.9,131591.4,887.4,1414.8,1281.2
6/17/2013,1384.8,1037.5,131274.3,881.3,1408.3,1280.9
6/18/2013,1366.8,1020.5,130654.4,875.6,1395.8,1258
6/19/2013,1372.8,1024.1,130418.1,876.6,1398.8,1262.1
6/20/2013,1292.5,981,126774.9,835.8,1338.8,1203.8
6/21/2013,1295.3,986,126254.5,841.6,1356,1210.7
6/24/2013,1286.8,982.7,125554.6,835.7,1354.5,1202.6
6/25/2013,1279,978.2,125003,830.3,1344.5,1201.9
6/26/2013,1236.3,950.8,120454,806,1294.5,1165
6/27/2013,1232.8,948.1,121444.4,810.7,1293.2,1169.4
6/28/2013,1192,917,118407.3,785.9,1257.5,1127.8
7/1/2013,1242.8,953.4,123958.1,816.3,1305.2,1177
7/2/2013,1252.5,960.9,125757.3,825.6,1321.1,1187
7/3/2013,1250,963.6,124618.7,819.2,1316.8,1186.2
7/4/2013,1251.8,969.3,125206.3,830.9,1315.7,1197.1
7/5/2013,1212.8,944.9,122372.5,814.9,1284.1,1166.2
7/8/2013,1235.3,960.2,124865.2,826.9,1304.4,1191.3
7/9/2013,1255.5,981.9,126887.1,846.5,1322.5,1222.2
7/10/2013,1256,976.9,125731.9,840.4,1320.4,1215.1
7/11/2013,1285,985.4,126880.9,850.1,1336.5,1221.8
7/12/2013,1279.8,980.4,127239.1,846.5,1329.7,1213
7/15/2013,1284.8,984.7,128314.4,850.6,1337.2,1221.1
7/16/2013,1291.5,983.1,128226.6,854,1342.6,1216.2
7/17/2013,1297.3,990.8,129407.2,855,1352.7,1224.5
7/18/2013,1283.3,980.2,129127,844.3,1333.7,1214.2
7/19/2013,1295.8,986.1,130086.8,849.1,1344,1218.8
7/22/2013,1327,1005.8,131963.5,863.4,1372.1,1241
7/23/2013,1333.5,1008.8,133036.6,867.8,1372.4,1248.6
7/24/2013,1335,1008.6,133720.3,869.3,1373.4,1248.4
7/25/2013,1326,1001.9,132096.1,865.9,1363.1,1238.1
7/26/2013,1331,1003.4,130611,865.9,1370.2,1237
7/29/2013,1329.8,1003.3,130282.2,866.3,1364.5,1238.3
7/30/2013,1324.2,999.3,129839.5,867.8,1362.7,1232.3
7/31/2013,1314.5,989.9,129287.6,867.1,1351.4,1221.4
8/1/2013,1315,993.7,130480.9,867.4,1358.2,1227.9
8/2/2013,1309.3,985.7,129308.1,857.3,1357.4,1215.1
8/5/2013,1304.8,985.5,128635.3,851.1,1356.8,1215.5
8/6/2013,1280.5,962.1,124983.2,832.4,1328.4,1184.3
8/7/2013,1282.5,962.9,123870.3,826.5,1336.9,1183.7
8/8/2013,1298.3,969.9,124495.7,834.6,1345.6,1193.5
8/9/2013,1309,980.4,125997.8,843,1348.5,1206.3
8/12/2013,1341,1008.8,129493.6,866.3,1381.4,1243.3
8/13/2013,1328.5,1003.7,130452,859.2,1374.1,1241
8/14/2013,1326.5,999.9,130069.9,853.7,1369.3,1239
8/15/2013,1329.8,1003.5,130096.1,854.8,1375.9,1242.8
8/16/2013,1369.3,1027,133604.6,877,1417.2,1267.6
8/19/2013,1365,1022.4,133735.9,871.1,1409.7,1262.6
8/20/2013,1372.5,1022.2,133324.6,875.4,1425.5,1259.6
8/21/2013,1363,1018.9,133144.7,868.8,1423.7,1254.6
8/22/2013,1375.5,1030.7,135631.2,883.3,1445.9,1272
8/23/2013,1377.5,1027.7,135642.4,883.4,1449.7,1266.4
8/26/2013,1377.5,1029.9,135731.9,884.2,1448.2,1271.5
8/27/2013,1419.3,1059.7,137958.2,913.3,1491,1302.8
8/28/2013,1419.5,1064.1,138692.2,913.7,1488.5,1307.8
8/29/2013,1407.8,1064.5,138571.9,908.7,1480,1311.5
8/30/2013,1394.8,1057.8,136845.9,901.6,1471.3,1300.5
9/2/2013,1392.3,1055.7,138327,894.5,1467.8,1300.8
9/3/2013,1399.5,1063.7,139677.1,901.1,1475.1,1312.7
9/4/2013,1390,1053.2,138353.6,889.4,1457.4,1301.3
9/5/2013,1385,1055.7,138548.5,888.4,1455.8,1308.5
9/6/2013,1387,1054.1,137209,887.5,1440.2,1301.9
9/9/2013,1390,1048.8,138409.2,884.2,1441.5,1295.5
9/10/2013,1358.3,1023.8,136402.2,863.9,1406.5,1269.6
9/11/2013,1363.8,1025.3,136354.5,862.4,1409.2,1269.7
9/12/2013,1328,997.9,131618.1,839.2,1370,1232.9
9/13/2013,1318.5,994.4,130973.2,831,1362.8,1230.5
9/16/2013,1324,991.6,130798,830.8,1365.2,1225.3
9/17/2013,1312.3,983,130365.5,825.2,1350.5,1217.4
9/18/2013,1301,974.7,128720.9,814.7,1342.3,1204
9/19/2013,1365.5,1008.3,135833.1,850.1,1396,1243.1
9/20/2013,1349.3,998.7,134419,843.3,1387.9,1230
9/23/2013,1323,980.5,130573.5,825.2,1362.2,1205.3
9/24/2013,1314.3,974.1,129683.6,822.2,1353.6,1197.3
9/25/2013,1322.8,979.3,130542.2,823.2,1361.8,1204.9
9/26/2013,1333,988.8,131907,832.9,1377.2,1214.4
9/27/2013,1341,990.3,131759.9,831.8,1381.6,1212.9
9/30/2013,1326.5,979.9,130162.8,819.1,1363.5,1199.5
10/1/2013,1290.8,954.3,126622.6,796.6,1332.8,1169.7
10/2/2013,1306.3,961.1,127058.9,804.9,1350.5,1177.5
10/3/2013,1316,966,128033.6,813.8,1357.3,1184.4
10/4/2013,1309.8,963.4,127222.6,814.9,1349.5,1183
10/7/2013,1323.5,975.2,128425.8,823.1,1363.2,1197.3
10/8/2013,1329.5,977.8,128895,825.5,1372.9,1200.7
10/9/2013,1304,964.7,126742.3,818.5,1355.8,1186.6
10/10/2013,1298.5,960.3,127369.9,813.9,1348.3,1182.8
10/11/2013,1265.5,933.1,124405,793.6,1314.3,1151.5
10/14/2013,1285.5,946.2,126126.8,802.7,1330,1166.3
10/15/2013,1270.5,940.9,125264.9,795.6,1317.3,1162.3
10/16/2013,1273.5,943.9,125904.6,799.5,1317.9,1166.5
10/17/2013,1319.3,965.5,128976.5,817,1356.9,1191.2
10/18/2013,1316.5,961.3,128707.6,813.3,1353.8,1187.1
10/21/2013,1317.5,963.4,129306,815.4,1356.3,1188
10/22/2013,1333,967.8,130840.6,822.2,1371,1193.4
10/23/2013,1331.3,965.9,129517.3,823.4,1383,1187.1
10/24/2013,1344.8,974.2,130945,831.8,1402.8,1199.2
10/25/2013,1347.8,977.1,131190,833.7,1407.7,1205.1
10/28/2013,1361,987.3,132983.3,843.7,1421.5,1218.7
10/29/2013,1349.3,979.9,132347.9,840.3,1409.5,1211.9
10/30/2013,1354.8,983.8,132961.9,842.7,1416.3,1214.5
10/31/2013,1324,973.9,129897.6,824.1,1380.7,1198.9
11/1/2013,1306.8,968.9,129080.8,820.7,1364.7,1192.3
11/4/2013,1320.5,977.4,130207.9,827.8,1374.4,1202.9
11/5/2013,1307.3,970.2,128822.9,814.7,1365.6,1192.3
11/6/2013,1319,975.1,130119.3,820.3,1373.7,1201.7
11/7/2013,1307.3,976.8,129476.6,814.7,1365.7,1201
11/8/2013,1285.5,963,127367.3,803.7,1348.4,1185.6
11/11/2013,1282.5,956.6,127275.3,802.9,1343,1179.1
11/12/2013,1281.3,953.5,127554.8,804.4,1344.4,1174.2
11/13/2013,1272.5,949.3,126505.6,795.8,1333.5,1169.5
11/14/2013,1286,955.5,128516.4,799.2,1350.6,1177.7
11/15/2013,1287.3,955.3,129091.9,800,1346.5,1178.7
11/18/2013,1283.5,949,128394.9,796.6,1338.2,1170.5
11/19/2013,1275.8,943.3,127836.5,792.2,1333,1163.5
11/20/2013,1257,933.6,125599.4,777.4,1312.9,1149.6
11/21/2013,1240,921.1,125295.8,767.9,1303.5,1135
11/22/2013,1246.3,921.5,126176.6,769.9,1312,1133.3
11/25/2013,1243,920.3,126413.1,769.5,1312.5,1133.4
11/26/2013,1247.5,920,126496.5,770.9,1314.9,1132.7
11/27/2013,1245,917.2,127120.7,764.9,1317.9,1130.6
11/28/2013,1245.5,915.8,127308.8,761.9,1318.4,1128.7
11/29/2013,1253,920.3,128263.3,764.9,1326.6,1132.3
12/2/2013,1229.5,906.9,126620,751.3,1307.9,1115.5
12/3/2013,1217.3,895.9,124701.2,741.6,1296.9,1101.4
12/4/2013,1227.5,905.5,126009,751.1,1312.3,1111.7
12/5/2013,1222.5,895.2,124756.1,749.1,1301.5,1098
12/6/2013,1233,901.1,126635.2,754,1310.9,1103.1
12/9/2013,1237,901.6,127553.2,754.9,1318,1103.2
12/10/2013,1266.3,919.5,130278.1,770.8,1344.8,1123.7
12/11/2013,1260.8,914.2,129182.7,770.3,1337.8,1116.8
12/12/2013,1225.3,890.9,126231.4,750.5,1303.2,1089.9
12/13/2013,1232,897.3,127068.5,756.8,1307.3,1097.4
12/16/2013,1234.8,897.7,127191.6,757.6,1306.2,1096
12/17/2013,1231.8,897.1,126537.7,758.4,1306.3,1094.2
12/18/2013,1230.5,894.1,126993.7,750.7,1311.8,1091.5
12/19/2013,1196,875,124659.1,730.9,1278.1,1072.5
12/20/2013,1195.3,874.3,124419.5,730.8,1276.3,1070.6
12/23/2013,1199,874.8,124690,733.1,1270.3,1070.9
12/24/2013,1199,877.3,125037.7,732.2,1273.9,1075
12/25/2013,1199,877.3,125037.7,732.2,1273.9,1075
12/26/2013,1199,875.7,125535.3,729.9,1275.7,1073.8
12/27/2013,1214.5,881.5,127492.1,736.3,1298.8,1078.5
12/30/2013,1204.5,871.9,126514.6,728.9,1284.2,1067.7
12/31/2013,1204.5,874.1,126599,727.2,1279.8,1071.2
1/1/2014,1204.5,874.1,126599,727.2,1279.8,1071.2
1/2/2014,1225,896.9,128655.6,745.2,1303.3,1103.4
1/3/2014,1234.5,906.8,128974.4,750.9,1311.3,1116.2
1/6/2014,1246.3,913.5,130264.3,759.4,1329.8,1126.2
1/7/2014,1227.5,902.1,128464,748.5,1319,1116.1
1/8/2014,1221,897.8,128003.5,741.4,1318.5,1109.9
1/9/2014,1226,902.4,128466.4,744.7,1331.3,1114.6
1/10/2014,1244.3,910.1,129582.4,754.8,1359,1122.8
1/13/2014,1248,914.1,128999.5,761.8,1356,1126.4
1/14/2014,1251.5,914.3,129655.4,760.3,1368.6,1127.3
1/15/2014,1236,909.2,129131.1,755.9,1352.1,1124.1
1/16/2014,1241.5,912.8,129413.9,759.6,1356.4,1125.3
1/17/2014,1250,922,130337.5,760.1,1368.8,1136.7
1/20/2014,1255.8,925.8,130641.9,764.8,1377.7,1142
1/21/2014,1238,914,129104.8,752,1359.1,1128.1
1/22/2014,1241,914.9,129368,748.3,1371.4,1129.4
1/23/2014,1263,923.2,130928.9,759.4,1405.2,1136.5
1/24/2014,1267,925.8,129683.8,767.8,1402.8,1133.1
1/27/2014,1260.5,921.9,129119.3,760.6,1394,1130
1/28/2014,1251.3,915.7,128616,754.5,1397.6,1124.5
1/29/2014,1264,926.4,129244,763.6,1409.5,1132.4
1/30/2014,1242.5,916.1,127623.4,753.2,1389.1,1121.5
1/31/2014,1251,927.7,127583.2,761.2,1394.8,1133
2/3/2014,1262,933.5,127783.8,772.7,1395,1139.2
2/4/2014,1250.3,925.4,126769.1,767.3,1385.5,1130.8
2/5/2014,1254.5,927,126955.4,769.4,1392.7,1133.2
2/6/2014,1256.5,923.9,127987.1,769.6,1389.9,1130
2/7/2014,1259.3,924.7,128714.2,768.1,1386.2,1131.1
2/10/2014,1277,935.7,130285.9,778.7,1410.9,1145
2/11/2014,1282,937.4,131251.1,777.7,1415.8,1146.9
2/12/2014,1289.5,949,132218.9,777.5,1417,1162
2/13/2014,1296,948.3,132405.8,779,1423.7,1159.1
2/14/2014,1320,964.5,134461.8,789,1449,1178.8
2/17/2014,1327.5,968.8,135278.9,794.3,1456.5,1183.6
2/18/2014,1320.8,960.5,135185.4,791,1447.1,1173.4
2/19/2014,1320.5,960.1,134974.9,790.1,1457.4,1172.3
2/20/2014,1316.3,959.9,134672.1,790.1,1456.9,1171.6
2/21/2014,1323.3,962.7,135864.7,793,1472.4,1175.2
2/24/2014,1334.8,972.4,136745.1,802.6,1477.5,1187.5
2/25/2014,1339,975,136819,802.6,1483.3,1189.2
2/26/2014,1331.8,974.4,136211.4,800.5,1479.2,1187.9
2/27/2014,1332.3,973.8,136002.7,799.1,1484.9,1184.9
2/28/2014,1326.5,960.4,135389.2,791.5,1468.4,1168.4
3/3/2014,1349.5,979.8,136886.5,807.2,1495.2,1188.2
3/4/2014,1334.8,971.3,136324.7,800.5,1482.8,1183
3/5/2014,1337,973.1,136815.2,799.1,1479.1,1185.6
3/6/2014,1345.3,972,138675.1,804.7,1475,1186.2
3/7/2014,1335.3,963.2,137964.7,798.5,1478.7,1173.9
3/10/2014,1344,968.3,138747.8,808.1,1492.6,1180.2
3/11/2014,1346.3,970.9,138912.8,809.7,1492.4,1182.5
3/12/2014,1366,982.4,140322.3,822.6,1520.6,1194.7
3/13/2014,1368.8,982.8,139790.4,820.8,1513.4,1194.4
3/14/2014,1385,994.6,140529,832.9,1535.6,1206.5
3/17/2014,1378.5,989.8,140096.9,828.2,1523.4,1202.9
3/18/2014,1355.8,974.4,137425.6,818,1503.2,1185.4
3/19/2014,1338,961.9,135873.9,804.7,1495.7,1170.5
3/20/2014,1327,962.7,135878.2,803.8,1493.1,1172.3
3/21/2014,1336,969.3,136779.7,810,1495.3,1180.7
3/24/2014,1310.8,951,134004.5,794.9,1470.3,1159
3/25/2014,1313.5,953.4,134397.3,795.8,1468,1164
3/26/2014,1304,945.9,133412.2,787.2,1453,1154.6
3/27/2014,1296,943.3,132367,780.1,1433.2,1149.2
3/28/2014,1294.8,941.5,133262.1,778.2,1432.8,1148.4
3/31/2014,1291.8,937.2,133030.9,774.8,1425.8,1141.1
4/1/2014,1283.8,930.6,132964.4,771.7,1415.8,1134
4/2/2014,1292,938.4,134006.2,776.7,1426,1144.7
4/3/2014,1284,936.1,133394.8,774.1,1415.9,1144.8
4/4/2014,1297.3,947.3,134362.7,781.9,1423.4,1159
4/7/2014,1299,945.3,133959.4,782,1426,1153.6
4/8/2014,1309.5,949.3,133713,781.8,1431.2,1158
4/9/2014,1301.8,941.6,132583.2,777.2,1421.3,1146.4
4/10/2014,1320.5,951.3,134057.1,787.2,1441,1158.3
4/11/2014,1318,949.1,133961.5,788.2,1443.7,1154.4
4/14/2014,1325.8,959.6,135027.6,792.2,1452.8,1165.4
4/15/2014,1298,938.9,131935.2,775.8,1425,1141.3
4/16/2014,1301.5,942.7,133110.9,775.1,1433.5,1147.4
4/17/2014,1299,938.9,132842.2,772.8,1427.5,1144.2
4/18/2014,1299,938.9,132842.2,772.8,1427.5,1144.2
4/21/2014,1299,941,133238.4,773.1,1431.2,1147.9
4/22/2014,1286.8,932.7,132020.5,764.9,1420.2,1139.5
4/23/2014,1285.3,929.4,131590.3,766,1418.9,1133.6
4/24/2014,1291.5,934.5,132036.5,768.8,1424.1,1139.6
4/25/2014,1301.3,940.4,132773,774,1435.2,1146.4
4/28/2014,1299,938.3,133264.4,772.8,1432.3,1143.8
4/29/2014,1297.8,939.2,133084.2,770.4,1423,1146.6
4/30/2014,1288.5,929.3,131620.3,763.1,1414.1,1134.5
5/1/2014,1278.5,922.1,130752.2,756.8,1403.2,1124.4
5/2/2014,1281.3,924.1,131001.4,759.4,1405.2,1126.6
5/5/2014,1281.3,923.2,130834.8,759.6,1404.6,1124.7
5/6/2014,1306.3,937.5,132656.2,768.7,1422.8,1140.9
5/7/2014,1296,930.9,131822.6,763.9,1413,1134.6
5/8/2014,1287,928.4,130765.6,759.2,1398.4,1130.1
5/9/2014,1291.3,938.6,131333,766.8,1408,1144.2
5/12/2014,1298.8,944.2,132621.8,769.8,1415.3,1153
5/13/2014,1296.5,945.9,132534.7,770,1413.8,1153.6
5/14/2014,1305.3,952,132881,778,1423.4,1161.5
5/15/2014,1299,947,131945.9,773.4,1413.1,1155.9
5/16/2014,1291.5,942.4,131035.6,767.4,1405.3,1151.2
5/19/2014,1302,949,131723.3,773.7,1413.4,1160.8
5/20/2014,1295.5,945.9,131292.4,768.9,1411.8,1155.6
5/21/2014,1287.3,942,130649.4,762.7,1407.4,1151.5
5/22/2014,1298.5,950.8,132012,770.1,1415.9,1161.2
5/23/2014,1291.5,947.4,131507,766.9,1405.1,1156.9
5/26/2014,1291.5,946.1,131571.6,766.7,1401.9,1154.8
5/27/2014,1275.5,936.9,130190.3,759.1,1386.5,1145
5/28/2014,1263.5,929.2,128567.4,756.3,1372.6,1134.7
5/29/2014,1255,921.7,127439,750.8,1360.2,1124.9
5/30/2014,1250.5,916.4,127232.1,745.5,1357.9,1117.9
6/2/2014,1247.3,916.6,127437.8,744.3,1358.8,1119.4
6/3/2014,1242.8,912.4,127294.9,742.4,1355.7,1114.6
6/4/2014,1245.3,914.2,127812.5,743.3,1363,1115.4
6/5/2014,1252.5,919.9,128349.9,745.9,1372.1,1121.1
6/6/2014,1247.5,914.7,127943.6,743.1,1363.7,1114.9
6/9/2014,1253.5,922.2,128552.7,746.4,1367,1124.9
6/10/2014,1259.5,929.8,128979.1,751.4,1374.9,1132.9
6/11/2014,1262,932.5,128616.7,751.7,1372.1,1135
6/12/2014,1265.8,934,128872.3,751.5,1373.5,1137.3
6/13/2014,1273,941,129966.9,750.6,1383.7,1146
6/16/2014,1276.3,940.5,130030.7,751.4,1384.8,1145.2
6/17/2014,1267.5,935.8,129500.5,747,1376.3,1140.6
6/18/2014,1269.8,935.6,129685.9,749.7,1380.7,1139.5
6/19/2014,1293,948.5,131640.3,758.2,1400.5,1153
6/20/2014,1312.5,966.8,134078.4,771.2,1413.9,1176.9
6/23/2014,1313.5,966.3,133832.5,772.3,1410.2,1175.6
6/24/2014,1318.5,969.7,134678.2,776.9,1416.1,1180.5
6/25/2014,1316.8,965.8,134058.3,775.4,1412.3,1174.7
6/26/2014,1311.8,965.3,133214.8,771.3,1405.6,1173.5
6/27/2014,1317.5,965.9,133561.6,774.3,1407,1173.7
6/30/2014,1315,960.5,133216.1,769.1,1400.7,1166.1
7/1/2014,1327.5,970.4,134774.4,774.6,1414.8,1177.8
7/2/2014,1326.5,971.5,134984.6,772.6,1414.8,1179.3
7/3/2014,1317.5,968,134641.9,768.5,1402.7,1176.8
7/4/2014,1319.3,970.8,134662.4,769.4,1402.6,1180.3
